fid,BNA80,STATE80,COUNTY80,GISJOIN,GISJOIN2,NHGISST,NHGISCTY,SHAPE_AREA,SHAPE_LEN,JOIN_KEY,GEOID,STATEFP,COUNTYFP,WHITE,BLACK,TOTPOP,POC
39,,,,G17003104112,"17003104112","170","0310",412985.066853,2848.63423134,G17003104112,"17003104112","17","031",1979,183,2374,395
40,,,,G17003106709,"17003106709","170","0310",324002.551905,2431.11419259,G17003106709,"17003106709","17","031",7,2208,2225,2218
41,,,,G17003106707,"17003106707","170","0310",326291.864289,2461.3495299,G17003106707,"17003106707","17","031",40,2918,2989,2949
44,,,,G17003104908,"17003104908","170","0310",1070630.26399,4651.40920328,G17003104908,"17003104908","17","031",123,5215,5367,5244
45,,,,G17003107203,"17003107203","170","0310",1272181.03538,5038.11168911,G17003107203,"17003107203","17","031",4055,205,4352,297
46,,,,G17003104907,"17003104907","170","0310",655150.981108,3225.10474986,G17003104907,"17003104907","17","031",41,4295,4362,4321
47,,,,G17003107307,"17003107307","170","0310",996081.234473,4103.38526766,G17003107307,"17003107307","17","031",47,3066,3138,3091
48,,,,G17003107207,"17003107207","170","0310",1045972.96138,4248.24289643,G17003107207,"17003107207","17","031",2495,969,3552,1057
49,,,,G17003104909,"17003104909","170","0310",2042606.55095,5830.58802339,G17003104909,"17003104909","17","031",237,12265,12661,12424
50,,,,G17003107206,"17003107206","170","0310",579507.453352,3066.78798503,G17003107206,"17003107206","17","031",1907,33,1976,69
51,,,,G17003107205,"17003107205","170","0310",1029405.95638,4241.78815851,G17003107205,"17003107205","17","031",2289,2,2304,15
52,,,,G17003107503,"17003107503","170","0310",665312.628935,3259.79025181,G17003107503,"17003107503","17","031",2647,2,2686,39
53,,,,G17003107401,"17003107401","170","0310",899750.21005,5517.78256958,G17003107401,"17003107401","17","031",3427,0,3493,66
115,,,,G17003106121,"17003106121","170","0310",329514.14883,2447.27834814,G17003106121,"17003106121","17","031",41,2510,2719,2678
116,,,,G17003104113,"17003104113","170","0310",407817.952575,2843.72112864,G17003104113,"17003104113","17","031",672,14,772,100
117,,,,G17003106304,"17003106304","170","0310",665480.561177,3257.7947959,G17003106304,"17003106304","17","031",3703,0,4004,301
118,,,,G17003106804,"17003106804","170","0310",321465.535411,2429.46302878,G17003106804,"17003106804","17","031",20,2583,2690,2670
120,,,,G17003106306,"17003106306","170","0310",347327.444687,2526.9208723,G17003106306,"17003106306","17","031",142,154,401,259
121,,,,G17003104006,"17003104006","170","0310",295638.453953,3038.27467105,G17003104006,"17003104006","17","031",5,1254,1264,1259
122,,,,G17003106805,"17003106805","170","0310",334396.521571,2451.89522426,G17003106805,"17003106805","17","031",15,3009,3076,3061
127,,,,G17003106704,"17003106704","170","0310",329206.626179,2469.50669451,G17003106704,"17003106704","17","031",73,2921,3090,3017
128,,,,G17003106705,"17003106705","170","0310",643810.251287,4046.32255128,G17003106705,"17003106705","17","031",52,2135,2254,2202
129,,,,G17003106307,"17003106307","170","0310",661281.992028,3284.67692784,G17003106307,"17003106307","17","031",2798,0,3737,939
130,,,,G17003106309,"17003106309","170","0310",660354.647956,3251.30498802,G17003106309,"17003106309","17","031",2959,0,3180,221
143,,,,G17003105809,"17003105809","170","0310",490113.449136,3282.61874614,G17003105809,"17003105809","17","031",3692,22,4011,319
146,,,,G17003106114,"17003106114","170","0310",320303.417373,2445.83631557,G17003106114,"17003106114","17","031",2108,0,3289,1181
154,,,,G17003106120,"17003106120","170","0310",321814.050848,2442.22656289,G17003106120,"17003106120","17","031",91,3164,3427,3336
156,,,,G17003106703,"17003106703","170","0310",336217.875443,2465.83005169,G17003106703,"17003106703","17","031",60,2557,2721,2661
157,,,,G17003106308,"17003106308","170","0310",668614.894311,3261.4557547,G17003106308,"17003106308","17","031",3748,0,4090,342
159,,,,G17003104114,"17003104114","170","0310",415107.706807,2872.01368451,G17003104114,"17003104114","17","031",786,452,1512,726
200,,,,G17003105203,"17003105203","170","0310",957586.589245,4403.28417074,G17003105203,"17003105203","17","031",4601,5,5423,822
202,,,,G17003103507,"17003103507","170","0310",229463.95839,2025.83594496,G17003103507,"17003103507","17","031",11,1221,1237,1226
203,,,,G17003103515,"17003103515","170","0310",166113.138788,2054.81551207,G17003103515,"17003103515","17","031",3,5361,5430,5427
204,,,,G17003103512,"17003103512","170","0310",107503.630976,1968.94045027,G17003103512,"17003103512","17","031",12,927,939,927
217,,,,G17003104004,"17003104004","170","0310",331480.046007,2469.74604142,G17003104004,"17003104004","17","031",21,4453,4534,4513
218,,,,G17003106702,"17003106702","170","0310",337725.131145,2456.69431362,G17003106702,"17003106702","17","031",35,2990,3062,3027
220,,,,G17003104007,"17003104007","170","0310",158467.44464,1989.21754728,G17003104007,"17003104007","17","031",10,2263,2277,2267
232,,,,G17003106116,"17003106116","170","0310",312863.103403,2389.83951848,G17003106116,"17003106116","17","031",1184,101,2157,973
233,,,,G17003104107,"17003104107","170","0310",263556.648614,2106.24898562,G17003104107,"17003104107","17","031",1365,761,2463,1098
234,,,,G17003106119,"17003106119","170","0310",656581.069928,3243.31859895,G17003106119,"17003106119","17","031",1015,1704,4791,3776
235,,,,G17003106118,"17003106118","170","0310",326798.33402,2430.12020873,G17003106118,"17003106118","17","031",1331,557,3620,2289
244,,,,G17003107502,"17003107502","170","0310",1332876.32349,5296.57408837,G17003107502,"17003107502","17","031",2306,1573,3967,1661
245,,,,G17003107504,"17003107504","170","0310",994017.420434,4966.39786728,G17003107504,"17003107504","17","031",3298,7,3371,73
246,,,,G17003104913,"17003104913","170","0310",655083.309192,3247.90759103,G17003104913,"17003104913","17","031",126,4472,4721,4595
247,,,,G17003104914,"17003104914","170","0310",847203.288008,3727.41235448,G17003104914,"17003104914","17","031",227,4408,4816,4589
248,,,,G17003107505,"17003107505","170","0310",2618731.28884,7371.88812703,G17003107505,"17003107505","17","031",2352,4831,7304,4952
249,,,,G17003105304,"17003105304","170","0310",1333375.65863,4884.67609785,G17003105304,"17003105304","17","031",311,2237,2740,2429
250,,,,G17003108212,"17003108212","170","0310",2961938.74557,8266.82801524,G17003108212,"17003108212","17","031",4665,374,6480,1815
251,,,,G17003108235,"17003108235","170","0310",1105058.33515,6170.96768773,G17003108235,"17003108235","17","031",4051,1,4343,292
254,,,,G17003105305,"17003105305","170","0310",3784812.48399,8458.92776459,G17003105305,"17003105305","17","031",647,17209,18125,17478
255,,,,G17003108234,"17003108234","170","0310",5311884.63031,10869.459534,G17003108234,"17003108234","17","031",3826,0,4280,454
256,,,,G17003108213,"17003108213","170","0310",1874491.03929,6977.74950445,G17003108213,"17003108213","17","031",4355,8,5092,737
259,,,,G17003108266,"17003108266","170","0310",1511579.75965,5250.35425921,G17003108266,"17003108266","17","031",5068,4,5196,128
261,,,,G17003108265,"17003108265","170","0310",3533738.48794,9606.29027511,G17003108265,"17003108265","17","031",6132,26,6321,189
262,,,,G1700310826401,"1700310826401","170","0310",3221028.41739,9424.77244139,G1700310826401,"1700310826401","17","031",3867,30,4130,263
270,,,,G17003104804,"17003104804","170","0310",1794104.55002,5465.58510009,G17003104804,"17003104804","17","031",391,7901,8657,8266
271,,,,G17003106305,"17003106305","170","0310",657730.529045,3257.03257441,G17003106305,"17003106305","17","031",3286,2,3828,542
272,,,,G17003104902,"17003104902","170","0310",668209.129427,3281.12501065,G17003104902,"17003104902","17","031",4,4021,4059,4055
273,,,,G17003104904,"17003104904","170","0310",233540.044453,2433.58534658,G17003104904,"17003104904","17","031",8,1239,1252,1244
274,,,,G17003108218,"17003108218","170","0310",2152211.77324,6580.09350782,G17003108218,"17003108218","17","031",5770,5,5900,130
290,,,,G17003104111,"17003104111","170","0310",288541.535986,3173.34824428,G17003104111,"17003104111","17","031",2080,144,2451,371
291,,,,G17003104005,"17003104005","170","0310",331662.794027,2466.92848206,G17003104005,"17003104005","17","031",6,3534,3560,3554
292,,,,G17003106803,"17003106803","170","0310",334672.903599,2460.2745155,G17003106803,"17003106803","17","031",7,2172,2205,2198
293,,,,G17003106701,"17003106701","170","0310",326174.194527,2449.00679697,G17003106701,"17003106701","17","031",21,2700,2782,2761
295,,,,G17003107501,"17003107501","170","0310",1276430.19974,4784.80190779,G17003107501,"17003107501","17","031",39,6225,6323,6284
297,,,,G17003108214,"17003108214","170","0310",2658154.53614,7382.88866964,G17003108214,"17003108214","17","031",4298,2408,7420,3122
298,,,,G17003104911,"17003104911","170","0310",1288314.84241,4871.7871734,G17003104911,"17003104911","17","031",120,6688,6857,6737
299,,,,G17003104910,"17003104910","170","0310",1304781.45533,4864.87787421,G17003104910,"17003104910","17","031",122,8720,8972,8850
300,,,,G17003106117,"17003106117","170","0310",323560.425175,2404.81680938,G17003106117,"17003106117","17","031",1607,156,3585,1978
312,,,,G17003105904,"17003105904","170","0310",301621.996727,3220.95669681,G17003105904,"17003105904","17","031",741,0,930,189
318,,,,G17003103803,"17003103803","170","0310",328638.431129,2425.62924506,G17003103803,"17003103803","17","031",18,4716,4755,4737
324,,,,G17003103813,"17003103813","170","0310",54614.5419883,1095.05603653,G17003103813,"17003103813","17","031",0,414,416,416
325,,,,G17003103811,"17003103811","170","0310",81850.4761063,1205.77389554,G17003103811,"17003103811","17","031",1,666,675,674
326,,,,G17003103815,"17003103815","170","0310",114379.925853,1488.01186361,G17003103815,"17003103815","17","031",1,1807,1826,1825
327,,,,G17003103814,"17003103814","170","0310",319513.613762,2791.35243225,G17003103814,"17003103814","17","031",16,3049,3098,3082
328,,,,G17003106105,"17003106105","170","0310",77712.6836395,1175.01867117,G17003106105,"17003106105","17","031",53,4,183,130
330,,,,G17003106303,"17003106303","170","0310",972840.173342,3991.15812586,G17003106303,"17003106303","17","031",2913,1,3111,198
332,,,,G17003105204,"17003105204","170","0310",709898.206921,3444.66020482,G17003105204,"17003105204","17","031",3479,4,3706,227
341,,,,G17003103601,"17003103601","170","0310",119345.080067,1527.73486184,G17003103601,"17003103601","17","031",30,992,1034,1004
345,,,,G17003103510,"17003103510","170","0310",821108.297194,3751.90963049,G17003103510,"17003103510","17","031",226,3225,3519,3293
346,,,,G17003103604,"17003103604","170","0310",584620.711989,3297.45587707,G17003103604,"17003103604","17","031",18,4096,4169,4151
347,,,,G17003103901,"17003103901","170","0310",482311.351981,3065.37192167,G17003103901,"17003103901","17","031",3,2082,2114,2111
348,,,,G17003103907,"17003103907","170","0310",689083.304851,3585.59008686,G17003103907,"17003103907","17","031",2866,3691,6969,4103
349,,,,G17003104101,"17003104101","170","0310",252147.693343,2578.9513018,G17003104101,"17003104101","17","031",880,742,1826,946
350,,,,G17003104109,"17003104109","170","0310",416132.780567,2929.75023373,G17003104109,"17003104109","17","031",2579,1121,4031,1452
351,,,,G17003103603,"17003103603","170","0310",367807.86082,2592.21150122,G17003103603,"17003103603","17","031",1,2573,2586,2585
352,,,,G17003105201,"17003105201","170","0310",2711249.03395,8585.65595585,G17003105201,"17003105201","17","031",1374,3,1807,433
353,,,,G17003104601,"17003104601","170","0310",2988846.70652,10796.9260242,G17003104601,"17003104601","17","031",1515,1649,5607,4092
380,,,,G17003103704,"17003103704","170","0310",455133.401318,2773.85377801,G17003103704,"17003103704","17","031",1,1337,1358,1357
381,,,,G17003104003,"17003104003","170","0310",1478748.18323,6110.04076827,G17003104003,"17003104003","17","031",11,3389,3424,3413
415,,,,G17003104302,"17003104302","170","0310",680852.15137,3277.60203823,G17003104302,"17003104302","17","031",372,6530,7023,6651
416,,,,G17003106717,"17003106717","170","0310",328224.454852,2411.0874038,G17003106717,"17003106717","17","031",17,3212,3247,3230
417,,,,G17003104303,"17003104303","170","0310",407518.289627,2681.58316408,G17003104303,"17003104303","17","031",17,4341,4393,4376
418,,,,G17003106716,"17003106716","170","0310",414247.522401,2883.79912265,G17003106716,"17003106716","17","031",28,4134,4203,4175
419,,,,G17003106610,"17003106610","170","0310",1129371.24747,4869.54446329,G17003106610,"17003106610","17","031",3055,2013,5606,2551
420,,,,G17003106609,"17003106609","170","0310",1974415.60136,6430.86716769,G17003106609,"17003106609","17","031",3376,0,3990,614
421,,,,G17003106010,"17003106010","170","0310",180761.616356,1795.80104967,G17003106010,"17003106010","17","031",1631,0,2080,449
433,,,,G17003104102,"17003104102","170","0310",67017.2032882,1151.36456952,G17003104102,"17003104102","17","031",618,756,1544,926
434,,,,G17003104104,"17003104104","170","0310",74046.0730119,1254.37866685,G17003104104,"17003104104","17","031",41,611,660,619
435,,,,G17003104103,"17003104103","170","0310",59545.4594794,1070.7782338,G17003104103,"17003104103","17","031",120,735,903,783
438,,,,G17003104106,"17003104106","170","0310",248676.922945,2068.01203024,G17003104106,"17003104106","17","031",1215,1160,2527,1312
439,,,,G17003104105,"17003104105","170","0310",266674.311458,2142.48201584,G17003104105,"17003104105","17","031",316,2719,3105,2789
440,,,,G17003105003,"17003105003","170","0310",731059.405631,3550.46912926,G17003105003,"17003105003","17","031",1509,5,2084,575
441,,,,G17003105902,"17003105902","170","0310",622669.385633,3342.88054374,G17003105902,"17003105902","17","031",2141,3,2592,451
444,,,,G17003106012,"17003106012","170","0310",85156.1222133,1229.87489758,G17003106012,"17003106012","17","031",897,0,1056,159
446,,,,G17003106601,"17003106601","170","0310",333927.089487,2476.82843072,G17003106601,"17003106601","17","031",68,59,156,88
447,,,,G17003106807,"17003106807","170","0310",325377.6381,2439.54503721,G17003106807,"17003106807","17","031",13,1968,2091,2078
448,,,,G17003104202,"17003104202","170","0310",264370.907691,2216.66573084,G17003104202,"17003104202","17","031",202,2085,2343,2141
449,,,,G17003104204,"17003104204","170","0310",245082.777787,2024.53077205,G17003104204,"17003104204","17","031",411,1789,2310,1899
450,,,,G17003106708,"17003106708","170","0310",341763.399208,2477.32447878,G17003106708,"17003106708","17","031",24,2542,2582,2558
452,,,,G17003106714,"17003106714","170","0310",455033.561289,3165.03817718,G17003106714,"17003106714","17","031",48,2933,3006,2958
453,,,,G17003106710,"17003106710","170","0310",319755.989631,2386.9539849,G17003106710,"17003106710","17","031",0,684,692,692
454,,,,G17003106713,"17003106713","170","0310",478729.255606,3203.48417968,G17003106713,"17003106713","17","031",57,4846,4943,4886
455,,,,G17003106712,"17003106712","170","0310",230474.055382,1978.12755358,G17003106712,"17003106712","17","031",24,2592,2642,2618
456,,,,G17003106711,"17003106711","170","0310",244614.116903,2008.41607461,G17003106711,"17003106711","17","031",22,2268,2325,2303
457,,,,G17003106607,"17003106607","170","0310",501971.214557,3275.28131286,G17003106607,"17003106607","17","031",235,2687,2999,2764
458,,,,G17003106605,"17003106605","170","0310",630824.787225,3206.46607267,G17003106605,"17003106605","17","031",3486,0,3771,285
459,,,,G17003104207,"17003104207","170","0310",634252.255749,3207.31454028,G17003104207,"17003104207","17","031",28,5729,5808,5780
460,,,,G17003106606,"17003106606","170","0310",666504.719489,4023.6235552,G17003106606,"17003106606","17","031",4591,0,5549,958
461,,,,G17003106811,"17003106811","170","0310",645508.470395,3227.53917644,G17003106811,"17003106811","17","031",50,6822,6927,6877
462,,,,G17003106715,"17003106715","170","0310",731080.009902,4421.86642327,G17003106715,"17003106715","17","031",79,5512,5640,5561
463,,,,G17003106905,"17003106905","170","0310",328462.1794,2786.98117547,G17003106905,"17003106905","17","031",2,1354,1376,1374
464,,,,G17003104304,"17003104304","170","0310",534040.552471,3107.75377471,G17003104304,"17003104304","17","031",40,3965,4114,4074
465,,,,G17003106504,"17003106504","170","0310",1120494.44362,4477.6515683,G17003106504,"17003106504","17","031",4743,0,4883,140
466,,,,G17003106911,"17003106911","170","0310",668478.96277,3440.07131145,G17003106911,"17003106911","17","031",11,5152,5206,5195
467,,,,G17003104305,"17003104305","170","0310",332821.773687,2521.4727459,G17003104305,"17003104305","17","031",64,5818,5959,5895
468,,,,G17003106611,"17003106611","170","0310",1296652.81884,4831.79832204,G17003106611,"17003106611","17","031",4699,0,5145,446
469,,,,G17003104306,"17003104306","170","0310",328717.137856,2446.38018207,G17003104306,"17003104306","17","031",123,2576,2778,2655
470,,,,G17003106718,"17003106718","170","0310",326703.790559,2409.39215437,G17003106718,"17003106718","17","031",13,2567,2589,2576
471,,,,G17003104313,"17003104313","170","0310",807282.650749,4131.57167935,G17003104313,"17003104313","17","031",221,12233,12811,12590
476,,,,G17003107301,"17003107301","170","0310",667229.115699,3279.02947278,G17003107301,"17003107301","17","031",11,3103,3144,3133
477,,,,G17003107201,"17003107201","170","0310",1981758.37952,5794.19546862,G17003107201,"17003107201","17","031",3522,522,4104,582
483,,,,G17003106915,"17003106915","170","0310",668991.704121,3613.51619228,G17003106915,"17003106915","17","031",52,2756,2864,2812
494,,,,G17003108258,"17003108258","170","0310",5832627.60565,12078.368836,G17003108258,"17003108258","17","031",13829,625,15246,1417
497,,,,G17003104503,"17003104503","170","0310",1362310.18443,5523.87754267,G17003104503,"17003104503","17","031",130,4860,5048,4918
498,,,,G17003104404,"17003104404","170","0310",1648947.141,5791.07994942,G17003104404,"17003104404","17","031",41,4384,4454,4413
499,,,,G17003107110,"17003107110","170","0310",647217.508989,3254.25210119,G17003107110,"17003107110","17","031",45,4607,4707,4662
500,,,,G17003104801,"17003104801","170","0310",671867.002474,4130.16898497,G17003104801,"17003104801","17","031",80,2961,3097,3017
501,,,,G17003104802,"17003104802","170","0310",296616.616114,2300.66562456,G17003104802,"17003104802","17","031",25,1618,1694,1669
502,,,,G17003107114,"17003107114","170","0310",758310.604797,5160.65639895,G17003107114,"17003107114","17","031",36,3587,3654,3618
503,,,,G17003104407,"17003104407","170","0310",327363.962558,2390.49168155,G17003104407,"17003104407","17","031",34,1879,1937,1903
504,,,,G17003104701,"17003104701","170","0310",1598866.92599,5590.45695634,G17003104701,"17003104701","17","031",327,3470,3942,3615
505,,,,G17003104901,"17003104901","170","0310",353258.643075,3306.03843778,G17003104901,"17003104901","17","031",6,744,763,757
506,,,,G17003108216,"17003108216","170","0310",3578425.98491,9581.66922527,G17003108216,"17003108216","17","031",4805,0,4958,153
507,,,,G17003107113,"17003107113","170","0310",356418.011899,2645.30493489,G17003107113,"17003107113","17","031",59,1778,1865,1806
508,,,,G17003104803,"17003104803","170","0310",441596.639071,3164.79269296,G17003104803,"17003104803","17","031",84,2170,2332,2248
509,,,,G17003104408,"17003104408","170","0310",279335.091945,3594.01047713,G17003104408,"17003104408","17","031",27,2199,2252,2225
510,,,,G17003108220,"17003108220","170","0310",1232330.55898,4821.18205685,G17003108220,"17003108220","17","031",5258,1,5324,66
512,,,,G17003107115,"17003107115","170","0310",630910.350869,3200.85790241,G17003107115,"17003107115","17","031",38,3314,3394,3356
520,,,,G17003106810,"17003106810","170","0310",642169.026461,3229.07841059,G17003106810,"17003106810","17","031",40,6107,6213,6173
523,,,,G17003106608,"17003106608","170","0310",639763.346333,4022.66859325,G17003106608,"17003106608","17","031",4088,1,4855,767
543,,,,G17003106001,"17003106001","170","0310",166943.770342,1606.67247068,G17003106001,"17003106001","17","031",185,0,265,80
544,,,,G17003106006,"17003106006","170","0310",392806.323516,2978.74872302,G17003106006,"17003106006","17","031",2132,4,2579,447
545,,,,G17003106009,"17003106009","170","0310",384290.860806,3094.15913195,G17003106009,"17003106009","17","031",2788,2,3900,1112
546,,,,G17003106008,"17003106008","170","0310",627942.313638,4470.52094358,G17003106008,"17003106008","17","031",3190,1,4136,946
547,,,,G17003105901,"17003105901","170","0310",359231.580026,2843.09841411,G17003105901,"17003105901","17","031",93,0,183,90
549,,,,G17003108217,"17003108217","170","0310",1551988.96888,6465.75647904,G17003108217,"17003108217","17","031",5217,47,5308,91
595,,,,G17003106014,"17003106014","170","0310",758494.993778,3415.43104277,G17003106014,"17003106014","17","031",628,0,864,236
599,,,,G17003104108,"17003104108","170","0310",238591.457249,2179.14677782,G17003104108,"17003104108","17","031",1727,1489,3565,1838
640,,,,G17003105905,"17003105905","170","0310",591563.389403,3337.0410899,G17003105905,"17003105905","17","031",1200,2,1581,381
641,,,,G17003106904,"17003106904","170","0310",658927.568831,3241.58211944,G17003106904,"17003106904","17","031",30,4855,4907,4877
642,,,,G17003107002,"17003107002","170","0310",1548761.52178,7099.05277969,G17003107002,"17003107002","17","031",5230,0,5493,263
643,,,,G17003105001,"17003105001","170","0310",2621691.14699,6426.55187255,G17003105001,"17003105001","17","031",123,5612,5800,5677
694,,,,G1700310826402,"1700310826402","170","0310",2047969.08757,7664.21495962,G1700310826402,"1700310826402","17","031",5339,330,6027,688
705,,,,G17003104314,"17003104314","170","0310",1073377.17469,5267.81941787,G17003104314,"17003104314","17","031",864,6762,8022,7158
713,,,,G17003104311,"17003104311","170","0310",671396.982366,3336.23566128,G17003104311,"17003104311","17","031",69,5748,5956,5887
714,,,,G17003104502,"17003104502","170","0310",1562928.49778,5074.89302032,G17003104502,"17003104502","17","031",232,7784,8189,7957
717,,,,G1700310826302,"1700310826302","170","0310",2888907.40881,7484.96490269,G1700310826302,"1700310826302","17","031",7628,66,7980,352
728,,,,G17003107107,"17003107107","170","0310",485387.815225,3601.98156153,G17003107107,"17003107107","17","031",47,4771,4869,4822
729,,,,G17003107103,"17003107103","170","0310",326558.956952,2457.66921204,G17003107103,"17003107103","17","031",7,2001,2032,2025
730,,,,G17003107001,"17003107001","170","0310",2363601.72743,7358.66635969,G17003107001,"17003107001","17","031",3074,0,3283,209
731,,,,G17003104605,"17003104605","170","0310",1270958.92743,5454.15041331,G17003104605,"17003104605","17","031",286,7699,8141,7855
732,,,,G17003107108,"17003107108","170","0310",804042.47098,3589.68827285,G17003107108,"17003107108","17","031",35,6769,6892,6857
733,,,,G17003107106,"17003107106","170","0310",243055.902215,2029.7889945,G17003107106,"17003107106","17","031",10,2579,2603,2593
734,,,,G17003104403,"17003104403","170","0310",1280976.36386,4846.2111615,G17003104403,"17003104403","17","031",74,5487,5640,5566
735,,,,G17003107109,"17003107109","170","0310",987374.15239,4959.42071972,G17003107109,"17003107109","17","031",36,3028,3098,3062
736,,,,G17003107105,"17003107105","170","0310",748619.126776,3643.16530432,G17003107105,"17003107105","17","031",63,5591,5699,5636
743,,,,G17003106802,"17003106802","170","0310",1301337.19336,4903.60646435,G17003106802,"17003106802","17","031",61,6709,6834,6773
744,,,,G17003106812,"17003106812","170","0310",786561.891139,3838.17657519,G17003106812,"17003106812","17","031",24,5955,6017,5993
745,,,,G17003106903,"17003106903","170","0310",511324.341472,3211.380259,G17003106903,"17003106903","17","031",12,3152,3187,3175
746,,,,G17003106813,"17003106813","170","0310",724812.122205,3691.01762096,G17003106813,"17003106813","17","031",12,4837,4901,4889
747,,,,G17003106809,"17003106809","170","0310",983390.19262,4031.66214627,G17003106809,"17003106809","17","031",30,6519,6624,6594
778,,,,G17003106914,"17003106914","170","0310",654744.557863,3208.53531215,G17003106914,"17003106914","17","031",31,4426,4502,4471
779,,,,G17003107102,"17003107102","170","0310",761503.136498,3648.21305764,G17003107102,"17003107102","17","031",42,5805,5899,5857
780,,,,G17003104312,"17003104312","170","0310",683204.654618,3294.53712095,G17003104312,"17003104312","17","031",118,4215,4399,4281
781,,,,G17003104310,"17003104310","170","0310",316504.170783,2626.26461413,G17003104310,"17003104310","17","031",23,1513,1558,1535
782,,,,G17003106912,"17003106912","170","0310",1013703.43872,4157.50801199,G17003106912,"17003106912","17","031",27,3837,3895,3868
801,,,,G17003106122,"17003106122","170","0310",672774.457337,3266.70845922,G17003106122,"17003106122","17","031",24,2438,2527,2503
802,,,,G17003103703,"17003103703","170","0310",449618.581821,2761.58308094,G17003103703,"17003103703","17","031",1,1156,1164,1163
803,,,,G17003105907,"17003105907","170","0310",879462.566722,3991.81377933,G17003105907,"17003105907","17","031",1960,0,2296,336
804,,,,G17003106102,"17003106102","170","0310",1652903.40399,6472.8341999,G17003106102,"17003106102","17","031",159,0,772,613
805,,,,G17003105807,"17003105807","170","0310",532353.221619,3307.95461527,G17003105807,"17003105807","17","031",3297,6,3725,428
806,,,,G17003105906,"17003105906","170","0310",344401.090034,2634.31094218,G17003105906,"17003105906","17","031",2911,0,3297,386
807,,,,G17003106103,"17003106103","170","0310",2404816.61272,6415.33994705,G17003106103,"17003106103","17","031",1750,3,4654,2904
809,,,,G17003103905,"17003103905","170","0310",332220.005246,2454.86130417,G17003103905,"17003103905","17","031",326,1521,1926,1600
810,,,,G17003103820,"17003103820","170","0310",328684.831536,2448.50107591,G17003103820,"17003103820","17","031",13,3681,3713,3700
811,,,,G17003106112,"17003106112","170","0310",326288.580219,2452.29360338,G17003106112,"17003106112","17","031",1641,1,3150,1509
812,,,,G17003103906,"17003103906","170","0310",332063.15319,2425.02710409,G17003103906,"17003103906","17","031",902,822,1875,973
813,,,,G17003103819,"17003103819","170","0310",174310.930417,1681.76248066,G17003103819,"17003103819","17","031",11,1787,1819,1808
814,,,,G17003104206,"17003104206","170","0310",250381.490767,2058.43979096,G17003104206,"17003104206","17","031",11,3300,3339,3328
815,,,,G17003104008,"17003104008","170","0310",497325.133026,2854.76597803,G17003104008,"17003104008","17","031",13,7555,7656,7643
816,,,,G17003106806,"17003106806","170","0310",333670.99083,2464.48980518,G17003106806,"17003106806","17","031",13,3030,3057,3044
817,,,,G17003106706,"17003106706","170","0310",338311.342939,2465.69628485,G17003106706,"17003106706","17","031",33,3422,3479,3446
818,,,,G17003106603,"17003106603","170","0310",655359.248186,3277.08694188,G17003106603,"17003106603","17","031",4567,1,5194,627
820,,,,G17003104203,"17003104203","170","0310",243397.286107,2022.90620596,G17003104203,"17003104203","17","031",305,1883,2240,1935
821,,,,G17003104205,"17003104205","170","0310",240995.780169,2017.31995857,G17003104205,"17003104205","17","031",17,3699,3756,3739
822,,,,G17003106602,"17003106602","170","0310",651596.300351,3215.18591275,G17003106602,"17003106602","17","031",3899,1,5420,1521
823,,,,G17003106604,"17003106604","170","0310",645155.526124,3258.6432999,G17003106604,"17003106604","17","031",3634,0,3883,249
829,,,,G17003107004,"17003107004","170","0310",2630359.18551,6480.05463754,G17003107004,"17003107004","17","031",8703,1,8975,272
830,,,,G17003107005,"17003107005","170","0310",3398931.59565,7764.03372176,G17003107005,"17003107005","17","031",9680,1081,11162,1482
831,,,,G17003104402,"17003104402","170","0310",1299837.96577,4857.35464407,G17003104402,"17003104402","17","031",47,9984,10160,10113
832,,,,G17003104401,"17003104401","170","0310",1057658.71787,4831.38184735,G17003104401,"17003104401","17","031",45,10297,10463,10418
833,,,,G17003107111,"17003107111","170","0310",652635.859642,3252.16714059,G17003107111,"17003107111","17","031",49,3755,3843,3794
834,,,,G17003104604,"17003104604","170","0310",681061.317689,4067.92121002,G17003104604,"17003104604","17","031",325,4129,4740,4415
835,,,,G17003107112,"17003107112","170","0310",1105848.85325,4184.24865356,G17003107112,"17003107112","17","031",153,6596,6835,6682
836,,,,G17003104603,"17003104603","170","0310",1134251.13532,4786.26313439,G17003104603,"17003104603","17","031",1774,4879,10285,8511
847,,,,G17003106110,"17003106110","170","0310",560390.337545,3208.46711389,G17003106110,"17003106110","17","031",241,1050,1700,1459
848,,,,G17003103904,"17003103904","170","0310",329117.034584,2454.88862698,G17003103904,"17003103904","17","031",87,3275,3409,3322
849,,,,G17003103812,"17003103812","170","0310",255333.402323,2051.53869281,G17003103812,"17003103812","17","031",7,2823,2837,2830
853,,,,G17003107101,"17003107101","170","0310",214495.361876,1920.2669255,G17003107101,"17003107101","17","031",19,1819,1854,1835
854,,,,G17003106913,"17003106913","170","0310",655392.04836,3242.07153758,G17003106913,"17003106913","17","031",22,2763,2819,2797
855,,,,G17003107104,"17003107104","170","0310",975481.656749,4044.281402,G17003107104,"17003107104","17","031",99,7708,7888,7789
856,,,,G17003104501,"17003104501","170","0310",325205.457152,2572.71192936,G17003104501,"17003104501","17","031",7,541,555,548
857,,,,G17003106111,"17003106111","170","0310",328769.970651,2421.44090261,G17003106111,"17003106111","17","031",1588,23,3935,2347
858,,,,G17003106113,"17003106113","170","0310",331257.773889,2427.90932649,G17003106113,"17003106113","17","031",1907,2,3142,1235
859,,,,G17003105002,"17003105002","170","0310",2169003.35545,6426.16636147,G17003105002,"17003105002","17","031",106,2255,2457,2351
860,,,,G17003108215,"17003108215","170","0310",4781602.74615,12497.6145883,G17003108215,"17003108215","17","031",2465,21,2645,180
861,,,,G17003105306,"17003105306","170","0310",1061588.66943,5265.24921248,G17003105306,"17003105306","17","031",161,4483,4840,4679
862,,,,G17003104912,"17003104912","170","0310",644771.817661,3220.16375657,G17003104912,"17003104912","17","031",46,3319,3388,3342
863,,,,G17003107506,"17003107506","170","0310",1329456.26467,5109.09237796,G17003107506,"17003107506","17","031",19,5588,5664,5645
864,,,,G17003105302,"17003105302","170","0310",1292072.06196,4825.06512907,G17003105302,"17003105302","17","031",264,8453,8881,8617
865,,,,G17003105303,"17003105303","170","0310",1293986.70689,4837.84989555,G17003105303,"17003105303","17","031",49,6290,6393,6344
866,,,,G17003105301,"17003105301","170","0310",642959.648112,3213.74302061,G17003105301,"17003105301","17","031",549,1769,3925,3376
867,,,,G17003105401,"17003105401","170","0310",9048891.82028,14111.7367729,G17003105401,"17003105401","17","031",336,12984,13539,13203
868,,,,G17003108257,"17003108257","170","0310",5049959.82634,10329.8173296,G17003108257,"17003108257","17","031",3603,35,4030,427
869,,,,G17003105502,"17003105502","170","0310",5462632.40945,12380.3053397,G17003105502,"17003105502","17","031",3267,22,3653,386
904,,,,G17003107003,"17003107003","170","0310",2609253.82404,6496.63195138,G17003107003,"17003107003","17","031",11339,0,11564,225
905,,,,G17003106808,"17003106808","170","0310",343888.909294,2470.99011949,G17003106808,"17003106808","17","031",11,2094,2129,2118
906,,,,G17003108221,"17003108221","170","0310",4086235.68371,9962.68905624,G17003108221,"17003108221","17","031",8970,7,9316,346
907,,,,G17003108227,"17003108227","170","0310",2391207.38821,6565.48932609,G17003108227,"17003108227","17","031",8769,2,8994,225
912,,,,G17003104308,"17003104308","170","0310",336010.300667,2455.32141364,G17003104308,"17003104308","17","031",133,2431,2636,2503
913,,,,G17003107404,"17003107404","170","0310",2863912.18499,8995.48049378,G17003107404,"17003107404","17","031",5156,75,5286,130
922,,,,G17003104906,"17003104906","170","0310",694972.834961,3263.96335583,G17003104906,"17003104906","17","031",12,2088,2128,2116
923,,,,G17003107305,"17003107305","170","0310",1292531.55513,4848.12969389,G17003107305,"17003107305","17","031",59,6236,6351,6292
924,,,,G17003108219,"17003108219","170","0310",1899341.52644,8198.23207676,G17003108219,"17003108219","17","031",5981,1,6094,113
926,,,,G17003104905,"17003104905","170","0310",1395503.45493,4861.04708545,G17003104905,"17003104905","17","031",19,2338,2381,2362
927,,,,G17003107204,"17003107204","170","0310",661367.184997,3234.54506191,G17003107204,"17003107204","17","031",2141,10,2186,45
934,,,,G17003103817,"17003103817","170","0310",192856.903994,2095.72015428,G17003103817,"17003103817","17","031",4,5633,5681,5677
935,,,,G17003103818,"17003103818","170","0310",319329.045721,2391.22733496,G17003103818,"17003103818","17","031",29,3036,3090,3061
939,,,,G17003104309,"17003104309","170","0310",324614.456481,2474.57297639,G17003104309,"17003104309","17","031",28,2518,2585,2557
940,,,,G17003106720,"17003106720","170","0310",970575.270924,3988.30605857,G17003106720,"17003106720","17","031",73,5495,5675,5602
941,,,,G17003106719,"17003106719","170","0310",319552.293533,2425.72304377,G17003106719,"17003106719","17","031",10,1910,1923,1913
942,,,,G17003106910,"17003106910","170","0310",652959.672534,3236.54980475,G17003106910,"17003106910","17","031",26,2950,3025,2999
943,,,,G17003106814,"17003106814","170","0310",627351.61608,3174.2542494,G17003106814,"17003106814","17","031",26,5291,5354,5328
945,,,,G17003103804,"17003103804","170","0310",323664.957871,2388.02228299,G17003103804,"17003103804","17","031",18,1756,1780,1762
946,,,,G17003105806,"17003105806","170","0310",488934.721197,3228.31182273,G17003105806,"17003105806","17","031",3174,0,3594,420
973,,,,G17003104211,"17003104211","170","0310",1482282.7387,6181.380993,G17003104211,"17003104211","17","031",32,2608,2675,2643
978,,,,G17003103304,"17003103304","170","0310",317266.47366,2401.75505119,G17003103304,"17003103304","17","031",1,49,56,55
980,,,,G17003106002,"17003106002","170","0310",109673.409914,1532.13682403,G17003106002,"17003106002","17","031",459,0,920,461
993,,,,G17003103514,"17003103514","170","0310",329490.513764,2468.08027876,G17003103514,"17003103514","17","031",2,1844,1863,1861
994,,,,G17003103513,"17003103513","170","0310",241258.526995,2348.49600261,G17003103513,"17003103513","17","031",16,1792,1827,1811
995,,,,G17003103511,"17003103511","170","0310",339405.098401,2476.9513388,G17003103511,"17003103511","17","031",9,7507,7586,7577
998,,,,G17003106004,"17003106004","170","0310",324916.102964,2417.07013939,G17003106004,"17003106004","17","031",2935,3,4004,1069
1016,,,,G17003106013,"17003106013","170","0310",39080.6513386,795.73902196,G17003106013,"17003106013","17","031",176,0,235,59
1017,,,,G17003106015,"17003106015","170","0310",413903.039622,2642.92699877,G17003106015,"17003106015","17","031",2855,8,3503,648
1021,,,,G17003103602,"17003103602","170","0310",233227.345885,2398.50033645,G17003103602,"17003103602","17","031",3,5506,5543,5540
1022,,,,G17003103505,"17003103505","170","0310",198882.894056,2123.20638067,G17003103505,"17003103505","17","031",282,113,518,236
1023,,,,G17003103506,"17003103506","170","0310",321001.000705,2410.5276556,G17003103506,"17003103506","17","031",1366,855,2702,1336
1024,,,,G17003103701,"17003103701","170","0310",452244.916296,2775.34326326,G17003103701,"17003103701","17","031",18,1507,1552,1534
1025,,,,G17003103605,"17003103605","170","0310",233856.862478,2096.35212397,G17003103605,"17003103605","17","031",2,3390,3416,3414
1026,,,,G17003103903,"17003103903","170","0310",329627.072188,2441.98223316,G17003103903,"17003103903","17","031",87,3196,3324,3237
1027,,,,G17003106108,"17003106108","170","0310",345339.883497,2579.34322689,G17003106108,"17003106108","17","031",1789,2,1939,150
1028,,,,G17003103702,"17003103702","170","0310",473944.075336,2773.71311514,G17003103702,"17003103702","17","031",17,1707,1758,1741
1029,,,,G17003103805,"17003103805","170","0310",178793.397833,2063.51909176,G17003103805,"17003103805","17","031",3,2976,3029,3026
1062,,,,G17003103801,"17003103801","170","0310",430400.549998,2695.1456847,G17003103801,"17003103801","17","031",20,3101,3151,3131
1063,,,,G17003106109,"17003106109","170","0310",658542.673625,3260.56423813,G17003106109,"17003106109","17","031",980,302,1472,492
1064,,,,G17003104002,"17003104002","170","0310",193914.838661,2109.89778426,G17003104002,"17003104002","17","031",6,5889,5958,5952
1065,,,,G17003104001,"17003104001","170","0310",654922.139241,4083.07267893,G17003104001,"17003104001","17","031",11,3213,3262,3251
1066,,,,G17003106115,"17003106115","170","0310",502731.767099,3287.61270465,G17003106115,"17003106115","17","031",1778,3,2372,594
1067,,,,G17003106301,"17003106301","170","0310",491050.50016,3246.84121197,G17003106301,"17003106301","17","031",575,5,857,282
1070,,,,G17003106007,"17003106007","170","0310",426665.913657,2750.8782447,G17003106007,"17003106007","17","031",1797,0,2223,426
1071,,,,G17003105811,"17003105811","170","0310",686428.457555,4109.14350397,G17003105811,"17003105811","17","031",618,0,688,70
1072,,,,G17003106302,"17003106302","170","0310",642244.778677,3997.79770414,G17003106302,"17003106302","17","031",1088,1,1237,149
1073,,,,G17003105202,"17003105202","170","0310",1220320.38033,6019.0224966,G17003105202,"17003105202","17","031",2464,0,3464,1000
1076,,,,G17003106101,"17003106101","170","0310",663838.739622,3273.28552138,G17003106101,"17003106101","17","031",967,75,1220,253
1078,,,,G17003106106,"17003106106","170","0310",965336.633818,4210.78482601,G17003106106,"17003106106","17","031",125,0,231,106
1079,,,,G17003103802,"17003103802","170","0310",203735.134219,2130.96101549,G17003103802,"17003103802","17","031",3,1999,2020,2017
1082,,,,G17003105805,"17003105805","170","0310",992330.128251,4047.82632035,G17003105805,"17003105805","17","031",6318,5,7107,789
1083,,,,G17003103902,"17003103902","170","0310",302806.482918,2330.81990043,G17003103902,"17003103902","17","031",14,2321,2357,2343
1084,,,,G17003103809,"17003103809","170","0310",253506.51463,2036.0602764,G17003103809,"17003103809","17","031",9,2315,2349,2340
1085,,,,G17003103807,"17003103807","170","0310",244251.570979,2033.51733851,G17003103807,"17003103807","17","031",6,2028,2070,2064
1086,,,,G17003103806,"17003103806","170","0310",81981.7786247,1173.2062831,G17003103806,"17003103806","17","031",1,3651,3694,3693
1087,,,,G17003106107,"17003106107","170","0310",323196.32725,2457.5197783,G17003106107,"17003106107","17","031",2246,22,2515,269
1089,,,,G17003103816,"17003103816","170","0310",99168.6275299,1340.49886915,G17003103816,"17003103816","17","031",2,2138,2180,2178
1090,,,,G17003103810,"17003103810","170","0310",241444.286044,2015.69068811,G17003103810,"17003103810","17","031",0,3101,3105,3105
1091,,,,G17003103808,"17003103808","170","0310",237245.190191,1993.49112262,G17003103808,"17003103808","17","031",8,2419,2453,2445
1092,,,,G17003106104,"17003106104","170","0310",160745.612134,1596.20791425,G17003106104,"17003106104","17","031",465,0,2460,1995
1095,,,,G17003105808,"17003105808","170","0310",180688.909719,1704.25352463,G17003105808,"17003105808","17","031",1106,0,1256,150
1098,,,,G17003105101,"17003105101","170","0310",2225387.36981,6495.74560813,G17003105101,"17003105101","17","031",2090,1,3673,1583
1159,,,,G17003107302,"17003107302","170","0310",1873352.02712,5998.2316452,G17003107302,"17003107302","17","031",93,12177,12349,12256
1160,,,,G17003104406,"17003104406","170","0310",657414.106996,3416.23643567,G17003104406,"17003104406","17","031",31,2020,2093,2062
1161,,,,G17003104409,"17003104409","170","0310",752686.15952,3638.57165821,G17003104409,"17003104409","17","031",37,3660,3726,3689
1162,,,,G17003107303,"17003107303","170","0310",309765.664423,3072.54589002,G17003107303,"17003107303","17","031",40,1548,1589,1549
1163,,,,G17003104903,"17003104903","170","0310",638324.279425,3111.87266903,G17003104903,"17003104903","17","031",13,2612,2645,2632
1164,,,,G17003107304,"17003107304","170","0310",1250974.6499,4734.94212938,G17003107304,"17003107304","17","031",182,4918,5166,4984
1165,,,,G17003107202,"17003107202","170","0310",1679032.86088,5540.37809854,G17003107202,"17003107202","17","031",3340,1410,4886,1546
1166,,,,G17003107306,"17003107306","170","0310",1007559.16452,4149.03656662,G17003107306,"17003107306","17","031",86,4596,4716,4630
1173,,,,G17003106902,"17003106902","170","0310",420047.064962,3154.25803631,G17003106902,"17003106902","17","031",0,372,374,374
1174,,,,G17003106901,"17003106901","170","0310",631120.43993,3224.54924357,G17003106901,"17003106901","17","031",3,2652,2673,2670
1175,,,,G17003104210,"17003104210","170","0310",274300.45254,2327.43646436,G17003104210,"17003104210","17","031",56,3098,3192,3136
1176,,,,G17003104209,"17003104209","170","0310",299604.873754,2416.98869616,G17003104209,"17003104209","17","031",26,3979,4036,4010
1177,,,,G1700310823301,"1700310823301","170","0310",5608685.85251,15632.3136032,G1700310823301,"1700310823301","17","031",10566,36,10917,351
1178,,,,G17003107402,"17003107402","170","0310",1945087.14826,6516.94679555,G17003107402,"17003107402","17","031",5981,16,6068,87
1179,,,,G17003107403,"17003107403","170","0310",1321370.09441,4862.22183318,G17003107403,"17003107403","17","031",5203,1,5237,34
1203,,,,G17003104110,"17003104110","170","0310",946560.767834,4490.39861473,G17003104110,"17003104110","17","031",2574,601,3465,891
1204,,,,G17003104201,"17003104201","170","0310",947720.62099,4668.37362208,G17003104201,"17003104201","17","031",115,910,1075,960
1205,,,,G17003104301,"17003104301","170","0310",959217.75163,4238.31198832,G17003104301,"17003104301","17","031",488,12112,12735,12247
1207,,,,G17003104606,"17003104606","170","0310",268282.993029,2317.23843067,G17003104606,"17003104606","17","031",310,324,1725,1415
1208,,,,G17003104609,"17003104609","170","0310",381030.017341,2831.93596401,G17003104609,"17003104609","17","031",270,249,2983,2713
1209,,,,G17003104602,"17003104602","170","0310",611775.92315,3394.73850389,G17003104602,"17003104602","17","031",888,10,4164,3276
1210,,,,G17003104607,"17003104607","170","0310",418530.028026,2882.68197451,G17003104607,"17003104607","17","031",422,1195,5128,4706
1211,,,,G17003104608,"17003104608","170","0310",331003.548887,2600.80444194,G17003104608,"17003104608","17","031",10,853,1265,1255
1214,,,,G17003104208,"17003104208","170","0310",346839.66986,2507.28014243,G17003104208,"17003104208","17","031",18,3513,3555,3537
1215,,,,G17003104212,"17003104212","170","0310",327021.289205,2758.49000014,G17003104212,"17003104212","17","031",11,1967,1994,1983
1216,,,,G17003106906,"17003106906","170","0310",914844.871017,3878.87863214,G17003106906,"17003106906","17","031",0,722,744,744
1217,,,,G17003106907,"17003106907","170","0310",124006.913315,2052.80795102,G17003106907,"17003106907","17","031",0,455,459,459
1218,,,,G17003106909,"17003106909","170","0310",640766.864288,3267.21148204,G17003106909,"17003106909","17","031",24,5808,5918,5894
1219,,,,G17003106908,"17003106908","170","0310",639317.131687,3288.85895765,G17003106908,"17003106908","17","031",31,3212,3269,3238
1224,,,,G17003104307,"17003104307","170","0310",188489.451813,1784.71129181,G17003104307,"17003104307","17","031",170,2550,2774,2604
1271,,,,G17003103305,"17003103305","170","0310",802416.592836,3709.41180138,G17003103305,"17003103305","17","031",54,65,196,142
1272,,,,G17003103501,"17003103501","170","0310",571457.327819,3156.47728742,G17003103501,"17003103501","17","031",1333,651,2441,1108
1299,,,,G17003103303,"17003103303","170","0310",147170.922644,1948.28182031,G17003103303,"17003103303","17","031",1,3224,3233,3232
1328,,,,G17003104610,"17003104610","170","0310",624497.849308,3819.13973864,G17003104610,"17003104610","17","031",167,786,2384,2217
1329,,,,G17003104805,"17003104805","170","0310",1364225.55325,5714.2683571,G17003104805,"17003104805","17","031",483,3017,4725,4242
1330,,,,G17003106801,"17003106801","170","0310",256819.929928,3628.14357125,G17003106801,"17003106801","17","031",14,941,957,943
1334,,,,G17003106005,"17003106005","170","0310",692960.056035,3679.02747255,G17003106005,"17003106005","17","031",1006,0,1300,294
1342,,,,G17003106003,"17003106003","170","0310",231314.469517,2068.12147709,G17003106003,"17003106003","17","031",1330,0,1810,480
1355,,,,G17003103101,"17003103101","170","0310",471128.098499,3868.90078122,G17003103101,"17003103101","17","031",80,0,411,331
1356,,,,G17003103403,"17003103403","170","0310",206588.748232,2522.55610122,G17003103403,"17003103403","17","031",674,114,1388,714
1357,,,,G17003103402,"17003103402","170","0310",768166.909052,3773.44560821,G17003103402,"17003103402","17","031",944,284,5319,4375
1358,,,,G17003106011,"17003106011","170","0310",321294.105702,2710.95584436,G17003106011,"17003106011","17","031",1141,0,1532,391
1359,,,,G17003106016,"17003106016","170","0310",262298.228438,2522.04554419,G17003106016,"17003106016","17","031",390,16,516,126
1360,,,,G17003103504,"17003103504","170","0310",203412.520511,2130.67219191,G17003103504,"17003103504","17","031",2,2739,2766,2764
1361,,,,G17003103405,"17003103405","170","0310",446570.903177,2821.28173781,G17003103405,"17003103405","17","031",1315,367,1785,470
1362,,,,G17003103404,"17003103404","170","0310",279795.591175,2339.53017768,G17003103404,"17003103404","17","031",737,101,1606,869
1363,,,,G17003103406,"17003103406","170","0310",483199.167898,2737.51127308,G17003103406,"17003103406","17","031",7,2280,2292,2285
1367,,,,G17003105205,"17003105205","170","0310",996819.943308,4925.43786559,G17003105205,"17003105205","17","031",4065,1,4263,198
1371,,,,G17003105103,"17003105103","170","0310",2993419.203,7195.97634133,G17003105103,"17003105103","17","031",160,6573,6903,6743
1372,,,,G17003105501,"17003105501","170","0310",8215192.24358,14643.0923894,G17003105501,"17003105501","17","031",7441,7,7919,478
1373,,,,G17003105102,"17003105102","170","0310",1210339.24551,5192.96317809,G17003105102,"17003105102","17","031",607,3278,4250,3643
1374,,,,G17003105206,"17003105206","170","0310",1087792.44232,4501.03383913,G17003105206,"17003105206","17","031",2385,0,2578,193
1382,,,,G17003103502,"17003103502","170","0310",337750.397422,2477.34363544,G17003103502,"17003103502","17","031",73,2931,3083,3010
1383,,,,G17003103508,"17003103508","170","0310",63341.6198942,1019.45594917,G17003103508,"17003103508","17","031",4,314,318,314
1384,,,,G17003103509,"17003103509","170","0310",49063.5088402,1074.3300457,G17003103509,"17003103509","17","031",0,105,105,105
1385,,,,G17003103503,"17003103503","170","0310",326825.038736,2412.30710504,G17003103503,"17003103503","17","031",130,1184,1366,1236
1388,,,,G17003105105,"17003105105","170","0310",1112025.68586,5211.81197721,G17003105105,"17003105105","17","031",974,649,4450,3476
1390,,,,G17003105104,"17003105104","170","0310",20634254.8901,21333.2547904,G17003105104,"17003105104","17","031",48,0,73,25
1437,,,,G18008900201,"18008900201","180","0890",1434273.89316,8374.37922701,G18008900201,"18008900201","18","089",5432,2,5615,183
1474,,,,G18008900402,"18008900402","180","0890",762618.063203,4091.56287769,G18008900402,"18008900402","18","089",3559,2,3908,349
1526,,,,G18008900202,"18008900202","180","0890",16890145.7625,29790.6444534,G18008900202,"18008900202","18","089",6825,11,7440,615
1541,,,,G18008900401,"18008900401","180","0890",3840687.72334,13277.42944,G18008900401,"18008900401","18","089",1569,3,1844,275
