rank,study_area_id,capy,dissimilarity,moran_row_standardized,name,population_millions,second_group_share_total_population,census_year,geography_level,population_comparison
1,cbsa_33340,0.7779710254434178,0.783678631523007,0.8946733489863694,"Milwaukee-Waukesha, WI",1.574728,0.158896647548021,2020,tracts,white_black
2,cbsa_16980,0.7761826963546857,0.7369205636768169,0.8773327259180851,"Chicago-Naperville-Elgin, IL-IN-WI",9.618502,0.16071223980615693,2020,tracts,white_black
3,cbsa_35620,0.7737177364766972,0.7482139943788071,0.84635735882978,"New York-Newark-Jersey City, NY-NJ-PA",20.140396,0.148885205633494,2020,tracts,white_black
4,cbsa_19820,0.7523709350006349,0.71442064217181,0.8587422416667091,"Detroit-Warren-Dearborn, MI",4.39203,0.21686145131066956,2020,tracts,white_black
5,cbsa_17460,0.748465926508143,0.7250988179656164,0.8806248008153285,"Cleveland-Elyria, OH",2.088251,0.19264638206805598,2020,tracts,white_black
6,cbsa_41180,0.7268956668405877,0.701638497272937,0.8829876627705768,"St. Louis, MO-IL",2.820253,0.1784747680438599,2020,tracts,white_black
7,cbsa_31080,0.7228281717229619,0.6364430028922909,0.8810408665882106,"Los Angeles-Long Beach-Anaheim, CA",13.200988,0.061358513468840366,2020,tracts,white_black
8,cbsa_37980,0.7208023167288146,0.653591951957946,0.811637730593233,"Philadelphia-Camden-Wilmington, PA-NJ-DE-MD",6.245045,0.19767095353196013,2020,tracts,white_black
9,cbsa_47900,0.7203722705099942,0.6048188266252736,0.851856505243776,"Washington-Arlington-Alexandria, DC-VA-MD-WV",6.385153,0.2405459978797689,2020,tracts,white_black
10,cbsa_33100,0.7095538016331617,0.6367638078492103,0.7782871592667004,"Miami-Fort Lauderdale-Pompano Beach, FL",6.138325,0.1876893126382197,2020,tracts,white_black
11,cbsa_12060,0.7048326192258134,0.5965221974685726,0.8660591938922764,"Atlanta-Sandy Springs-Alpharetta, GA",6.089815,0.3315713203110439,2020,tracts,white_black
12,cbsa_15380,0.7005285153191863,0.6867501786035355,0.8104806149262084,"Buffalo-Cheektowaga, NY",1.166902,0.12518617673120794,2020,tracts,white_black
13,cbsa_12580,0.6880466579283648,0.6155162350510773,0.7849978878366416,"Baltimore-Columbia-Towson, MD",2.84451,0.28155464385781737,2020,tracts,white_black
14,cbsa_13820,0.6864487887409931,0.6247489407276817,0.8351821895640447,"Birmingham-Hoover, AL",1.115285,0.29292602339312374,2020,tracts,white_black
15,cbsa_35660,0.6828400193270877,0.7145460110029782,0.7037240909204012,"Niles, MI",0.154316,0.13737395992638482,2020,tracts,white_black
16,cbsa_32820,0.6752060204344492,0.5956666283207788,0.7294446223281,"Memphis, TN-MS-AR",1.337779,0.45543770682601536,2020,tracts,white_black
17,cbsa_45940,0.6683400895333165,0.600633637674115,0.8648584062711192,"Trenton-Princeton, NJ",0.38734,0.18682294624877369,2020,tracts,white_black
18,cbsa_33740,0.6627881508525396,0.6007744428002239,0.7313904378518438,"Monroe, LA",0.207104,0.36580655129789863,2020,tracts,white_black
19,cbsa_26420,0.66049234404479,0.5863312189292497,0.7649379612507259,"Houston-The Woodlands-Sugar Land, TX",7.122229,0.16976061848053467,2020,tracts,white_black
20,cbsa_19430,0.6602490227807375,0.6060068925544498,0.8626493329251225,"Dayton-Kettering, OH",0.814049,0.1555950563172487,2020,tracts,white_black
21,cbsa_35380,0.6582541014537335,0.6124534731077651,0.6565011623820902,"New Orleans-Metairie, LA",1.271845,0.3290998510038566,2020,tracts,white_black
22,cbsa_40980,0.6570261924827309,0.6233392284092396,0.7037506772120484,"Saginaw, MI",0.190124,0.17645326208158885,2020,tracts,white_black
23,cbsa_25540,0.6545607551182999,0.6314835475306111,0.8114338204047007,"Hartford-East Hartford-Middletown, CT",1.213531,0.10813815221860834,2020,tracts,white_black
24,cbsa_13140,0.6536769544317318,0.6782728835274209,0.6680762900731915,"Beaumont-Port Arthur, TX",0.39756,0.23864070832075662,2020,tracts,white_black
25,cbsa_26900,0.6529768797469473,0.6285648827608454,0.8065261572558813,"Indianapolis-Carmel-Anderson, IN",2.111039,0.14844633377213778,2020,tracts,white_black
26,cbsa_40380,0.6514026646258456,0.6309419830268088,0.8824851020030805,"Rochester, NY",1.090135,0.1106303347750508,2020,tracts,white_black
27,cbsa_18140,0.6501235699762938,0.6243324260133292,0.7838514573979651,"Columbus, OH",2.138926,0.15460375908282942,2020,tracts,white_black
28,cbsa_12940,0.6483427353572782,0.5498055203677831,0.6852168605379225,"Baton Rouge, LA",0.870569,0.34550966092291363,2020,tracts,white_black
29,cbsa_14860,0.6479212113420487,0.6413116574433493,0.7866636913664473,"Bridgeport-Stamford-Norwalk, CT",0.957419,0.10443912226517335,2020,tracts,white_black
30,cbsa_17140,0.6469919853789075,0.6459016081839334,0.7208803305916772,"Cincinnati, OH-KY-IN",2.256884,0.11999065968831363,2020,tracts,white_black
31,cbsa_27260,0.642806113257675,0.5463954294638401,0.8057623244320974,"Jacksonville, FL",1.605848,0.20778741200910672,2020,tracts,white_black
32,cbsa_45780,0.6419512756864165,0.6304084385208666,0.8352579162351513,"Toledo, OH",0.646604,0.13462180871135965,2020,tracts,white_black
33,cbsa_19100,0.6416123812364383,0.5347027296859118,0.7600058890843122,"Dallas-Fort Worth-Arlington, TX",7.637347,0.15671423597749323,2020,tracts,white_black
34,cbsa_14460,0.640027245910145,0.6035966784058299,0.7992911176033847,"Boston-Cambridge-Newton, MA-NH",4.941623,0.06872944374752991,2020,tracts,white_black
35,cbsa_34740,0.6395020258891171,0.7157676710063775,0.6392280418873911,"Muskegon, MI",0.175824,0.13435025935025935,2020,tracts,white_black
36,cbsa_22420,0.6389273033318907,0.638320275864062,0.7870184800270551,"Flint, MI",0.406211,0.19467715054491386,2020,tracts,white_black
37,cbsa_35300,0.6335398061456641,0.6079838801207044,0.6839131365979993,"New Haven-Milford, CT",0.864835,0.1275075592454052,2020,tracts,white_black
38,cbsa_41860,0.6325854842191307,0.5914337352015095,0.7846231723103909,"San Francisco-Oakland-Berkeley, CA",4.748878,0.0680971378923611,2020,tracts,white_black
39,cbsa_27140,0.6315876515316879,0.5523847593087814,0.7283420233914571,"Jackson, MS",0.591978,0.47554469929625764,2020,tracts,white_black
40,cbsa_31140,0.6310968605502602,0.5466195684478057,0.8163199632441177,"Louisville/Jefferson County, KY-IN",1.285439,0.14584978361478063,2020,tracts,white_black
41,cbsa_24660,0.6309257771395392,0.5312710589713756,0.7293971978025865,"Greensboro-High Point, NC",0.776566,0.26350110615195615,2020,tracts,white_black
42,cbsa_36740,0.630207924725562,0.4952081565513298,0.7280027471315307,"Orlando-Kissimmee-Sanford, FL",2.673376,0.14473384963432004,2020,tracts,white_black
43,cbsa_30780,0.6299085258510876,0.5521635859516439,0.7247632686318336,"Little Rock-North Little Rock-Conway, AR",0.748027,0.22949305305824522,2020,tracts,white_black
44,cbsa_37900,0.6277075187235944,0.7120080231607604,0.7229273631871928,"Peoria, IL",0.402391,0.09129925868123293,2020,tracts,white_black
45,cbsa_43340,0.6265639942387023,0.5527590103699795,0.6568558427586535,"Shreveport-Bossier City, LA",0.393406,0.3920199488569061,2020,tracts,white_black
46,cbsa_40060,0.625734062958974,0.5169257094487687,0.7536513016721936,"Richmond, VA",1.314434,0.2735816328549018,2020,tracts,white_black
47,cbsa_29340,0.6244411205685665,0.595450690300058,0.6615308975503773,"Lake Charles, LA",0.222402,0.24683231265905883,2020,tracts,white_black
48,cbsa_45060,0.6199229643069306,0.6508765014006285,0.7825298660930237,"Syracuse, NY",0.662057,0.08587024984253622,2020,tracts,white_black
49,cbsa_49180,0.6198655641524364,0.5532783912824913,0.7074813079489435,"Winston-Salem, NC",0.675966,0.16965350328270948,2020,tracts,white_black
50,cbsa_28140,0.6193089097910339,0.55423107843604,0.8370081491626845,"Kansas City, MO-KS",2.192023,0.11767166676627025,2020,tracts,white_black
51,cbsa_33660,0.6190906334950061,0.5350206459200803,0.7025764833647533,"Mobile, AL",0.430197,0.34577879436630193,2020,tracts,white_black
52,cbsa_16860,0.6161825229771835,0.5912212781552444,0.7249717709985041,"Chattanooga, TN-GA",0.562647,0.12418621266975564,2020,tracts,white_black
53,cbsa_40220,0.6157676935309591,0.5208538033147384,0.7574051129275494,"Roanoke, VA",0.315251,0.12499246632048748,2020,tracts,white_black
54,cbsa_38300,0.615445462999114,0.6382693351209356,0.6706011706718107,"Pittsburgh, PA",2.370927,0.08299875955691592,2020,tracts,white_black
55,cbsa_16740,0.6147982870841213,0.5115974596346781,0.7306118461066177,"Charlotte-Concord-Gastonia, NC-SC",2.660323,0.21527273192014654,2020,tracts,white_black
56,cbsa_10780,0.6127476129470932,0.5761872540378038,0.5774412794761685,"Alexandria, LA",0.152192,0.28464702481076537,2020,tracts,white_black
57,cbsa_17900,0.6122209749151398,0.49948398933267624,0.7052376817390817,"Columbia, SC",0.82947,0.3209229990234728,2020,tracts,white_black
58,cbsa_33860,0.6122187791269889,0.5279280330136094,0.6304684931254423,"Montgomery, AL",0.386047,0.4311081293210412,2020,tracts,white_black
59,cbsa_45300,0.6105152924449234,0.5247484345736183,0.7389033396347605,"Tampa-St. Petersburg-Clearwater, FL",3.17527,0.11243705259710197,2020,tracts,white_black
60,cbsa_46220,0.6100397539072608,0.502092388939684,0.6268423538598725,"Tuscaloosa, AL",0.268674,0.33783321050790177,2020,tracts,white_black
61,cbsa_17980,0.6092707050088033,0.5158402881959432,0.5556543587005249,"Columbus, GA-AL",0.328883,0.4101853850761517,2020,tracts,white_black
62,cbsa_10500,0.6074045839882681,0.5216130652967617,0.6431984229365407,"Albany, GA",0.148922,0.5227300197418783,2020,tracts,white_black
63,cbsa_15980,0.6069250583785922,0.6045862769923411,0.6783602698148609,"Cape Coral-Fort Myers, FL",0.760822,0.07354939788807369,2020,tracts,white_black
64,cbsa_25420,0.6061938673430008,0.6116613948995023,0.7294350194796348,"Harrisburg-Carlisle, PA",0.591712,0.10017373316748689,2020,tracts,white_black
65,cbsa_36540,0.6044603206980095,0.566950325370708,0.7622258446001927,"Omaha-Council Bluffs, NE-IA",0.967604,0.07557017126841145,2020,tracts,white_black
66,cbsa_23060,0.6027120505322139,0.5197804138507864,0.789302340818048,"Fort Wayne, IN",0.419601,0.10433483237647194,2020,tracts,white_black
67,cbsa_46140,0.6023197066538444,0.5442783664474553,0.6852048660296933,"Tulsa, OK",1.015331,0.07779335014886771,2020,tracts,white_black
68,cbsa_49660,0.6016435537475091,0.6346954873868054,0.7258996255178459,"Youngstown-Warren-Boardman, OH-PA",0.541243,0.10531129270955929,2020,tracts,white_black
69,cbsa_40420,0.5994533108872019,0.5595506162503795,0.7269034955169651,"Rockford, IL",0.338796,0.11632663903942195,2020,tracts,white_black
70,cbsa_47260,0.5975315612100052,0.4701264710487901,0.617739651566194,"Virginia Beach-Norfolk-Newport News, VA-NC",1.799674,0.2964047933125666,2020,tracts,white_black
71,cbsa_10580,0.5973730592341708,0.5954788056562922,0.6878392779784464,"Albany-Schenectady-Troy, NY",0.899262,0.08055383191995213,2020,tracts,white_black
72,cbsa_31420,0.5965838369389833,0.4907131257101371,0.5701154997742692,"Macon-Bibb County, GA",0.233802,0.4423529311126509,2020,tracts,white_black
73,cbsa_12260,0.596109166692673,0.4504936019509733,0.6241620541528593,"Augusta-Richmond County, GA-SC",0.611,0.3437823240589198,2020,tracts,white_black
74,cbsa_34980,0.5949929769068574,0.5111963685511207,0.6624852267868598,"Nashville-Davidson--Murfreesboro--Franklin, TN",1.989519,0.141625689425434,2020,tracts,white_black
75,cbsa_19740,0.5942249607865808,0.5918583795476686,0.780861776532516,"Denver-Aurora-Lakewood, CO",2.963821,0.05329775313691346,2020,tracts,white_black
76,cbsa_10420,0.5935819335809182,0.5494988502507971,0.7376901115413227,"Akron, OH",0.702219,0.12368790932743204,2020,tracts,white_black
77,cbsa_42340,0.5933806653175229,0.48517309067760506,0.5932208576291087,"Savannah, GA",0.404798,0.30407264858027955,2020,tracts,white_black
78,cbsa_44140,0.5922343835532876,0.61706051114194,0.7412376988987103,"Springfield, MA",0.699162,0.05908644920633559,2020,tracts,white_black
79,cbsa_39540,0.5921783254775186,0.5206215242057918,0.7036132667516908,"Racine, WI",0.197727,0.1139500422299433,2020,tracts,white_black
80,cbsa_28660,0.5918558441120483,0.4503985870288319,0.6923682073048345,"Killeen-Temple, TX",0.475366,0.1960994265471237,2020,tracts,white_black
81,cbsa_12100,0.590016496674587,0.5737050875499151,0.6427318869017276,"Atlantic City-Hammonton, NJ",0.274534,0.1421390428872198,2020,tracts,white_black
82,cbsa_19500,0.5897129579893852,0.5204114988080912,0.6084292430559499,"Decatur, IL",0.103998,0.1815996461470413,2020,tracts,white_black
83,cbsa_26620,0.5866516913920752,0.47018983331309266,0.7169868311241847,"Huntsville, AL",0.491723,0.2120218090266268,2020,tracts,white_black
84,cbsa_38940,0.5861955631215556,0.5037650770792697,0.6209246000034033,"Port St. Lucie, FL",0.487655,0.14738698465103403,2020,tracts,white_black
85,cbsa_31180,0.5858469727932943,0.5229510448537086,0.4752813859280966,"Lubbock, TX",0.321368,0.08054628961190909,2020,tracts,white_black
86,cbsa_20500,0.5853048501168692,0.4524130008785106,0.5660749370777903,"Durham-Chapel Hill, NC",0.649903,0.2473569132624407,2020,tracts,white_black
87,cbsa_36420,0.5845361938575664,0.48561901241986943,0.6344309767922753,"Oklahoma City, OK",1.425694,0.10051034794282644,2020,tracts,white_black
88,cbsa_24340,0.5845184844256874,0.6245231477423068,0.7117295629748348,"Grand Rapids-Kentwood, MI",1.087592,0.06689824860793386,2020,tracts,white_black
89,cbsa_45220,0.5840490078226681,0.4734608541968132,0.5416221667432172,"Tallahassee, FL",0.384298,0.3112974826827098,2020,tracts,white_black
90,cbsa_29180,0.5833592406687091,0.4531038137572594,0.49914004169032794,"Lafayette, LA",0.478384,0.2435616575805211,2020,tracts,white_black
91,cbsa_39580,0.5826848735563004,0.4026110700169482,0.7084109121224118,"Raleigh-Cary, NC",1.41398,0.17918287387374646,2020,tracts,white_black
92,cbsa_20020,0.5814145631211916,0.46206353077735685,0.5675854822402774,"Dothan, AL",0.151007,0.2297575609077725,2020,tracts,white_black
93,cbsa_27180,0.5797629987380448,0.46064628227017085,0.5699589269732187,"Jackson, TN",0.180504,0.2666921508664628,2020,tracts,white_black
94,cbsa_40900,0.5789455776508322,0.5480405228603362,0.7957475828849252,"Sacramento-Roseville-Folsom, CA",2.397382,0.06645665980640549,2020,tracts,white_black
95,cbsa_15260,0.5777929876922414,0.5252946251169004,0.5223018577419419,"Brunswick, GA",0.113495,0.21328692893960086,2020,tracts,white_black
96,cbsa_46340,0.5772162360833484,0.45612979515881696,0.633638928683943,"Tyler, TX",0.233479,0.16276838602186922,2020,tracts,white_black
97,cbsa_44100,0.5768196086104962,0.5438597064379699,0.6290291955272379,"Springfield, IL",0.20864,0.12349501533742331,2020,tracts,white_black
98,cbsa_48620,0.5765148582154025,0.5548919442367906,0.6415821869800459,"Wichita, KS",0.64761,0.07299146091011566,2020,tracts,white_black
99,cbsa_21500,0.5759163305216164,0.6450916844548746,0.6598328158149592,"Erie, PA",0.270876,0.07317370309661986,2020,tracts,white_black
100,cbsa_33460,0.5745040187295523,0.5094509239092854,0.7099354105588894,"Minneapolis-St. Paul-Bloomington, MN-WI",3.690261,0.09028385797102156,2020,tracts,white_black
